,shot,time,mods,nl_04,bt,ip,p_rf,ssep,zave,q95,numin,xmin,Lne,LTe,a,R
0,1160617031.0,0.8986,u,8.64641870334e+19,-5.40820837021,-1.17606075,4.10014108638e-05,1.37036705017,3.66502959316,3.28811144829,0.466183855929,0.441266968609,-5.59396388043,0.741220709936,0.216226127116,0.677083510694
1,1160617030.0,0.9658,u,9.46714432004e+19,-5.40528011322,-1.17625025,4.04988968512e-05,1.34782683849,3.43813611336,3.26458406448,0.515138094668,0.442180114613,-0.917739791561,0.73341279597,0.21581874073,0.676670578476
2,1160617026.0,0.957,u,9.50239818127e+19,-5.41308689117,-1.175018625,8.78989376361e-05,1.38013088703,3.45799223348,3.2794907093,0.475658116578,0.445196347811,-2.30526478347,0.760799671369,0.215455390761,0.677027693386
3,1160512026.0,0.7493,d,4.71838526561e+19,-5.53506946564,-0.7886248125,7.71716731833e-05,0.839465916157,5.04193009406,4.8161444664,0.319403787072,0.272064898714,0.01175633838,1.21841623715,0.217360635884,0.678425063475
4,1160512026.0,1.0381,u,4.67733917714e+19,-5.47456645966,-0.7884789375,7.72257626522e-05,1.03235888481,4.42797242268,4.6239118576,0.183882479964,0.286371293738,-0.0306227057856,1.57492646034,0.216505551807,0.678077799839
5,1160512026.0,1.3746,d,4.81160362064e+19,-5.26524448395,-0.77635275,7.72881830926e-05,1.19078052044,3.85348305407,4.46660423279,0.00543537344029,0.236744819249,0.00565919279938,1.54740768563,0.215052212836,0.677080641116
6,1160512025.0,0.7241,d,4.75920881294e+19,-5.48530101776,-0.79034675,7.77077802923e-05,1.01075541973,5.19509868097,4.83836364746,0.379250660645,0.258803704161,-0.00751113406163,1.90921434546,0.216712231671,0.678218530587
7,1160512025.0,0.968,u,4.54181249429e+19,-5.38576364517,-0.792098,7.77778477641e-05,1.1127794981,5.13077210691,4.67315101624,0.419269045256,0.410375722627,-0.647556204555,0.644478885767,0.215400913433,0.678152299056
8,1160512025.0,1.1166,d,4.63938711438e+19,-5.2530465126,-0.782164875,7.77466048021e-05,1.10421216488,4.83065877731,4.62024354935,0.426886062816,0.27465867607,-0.0115130179797,1.01756146947,0.215811912143,0.678212646029
9,1160506025.0,0.65,u,5.19043639374e+19,-5.4140625,-0.792334375,8.06565076346e-05,1.03314220905,4.65985077223,4.76418209076,0.572797176523,0.41726617257,-0.493789530602,0.618590380876,0.217242434484,0.67942383823
10,1160506025.0,0.9302,di,4.74758917406e+19,-5.40918397903,-0.789576,8.07126343716e-05,1.05744242668,4.6448959067,4.74370193481,0.455226997835,0.403191877292,0.5509277923,0.617063253848,0.216319290623,0.678451672155
11,1160506025.0,0.983,up,5.5891122731e+19,-5.40820837021,-0.788418875,8.07033939054e-05,1.08487164974,4.53432128314,4.69758796692,0.466534015281,0.394835459971,0.16168301987,0.63700423796,0.21579370355,0.678817834077
12,1160506024.0,0.6282,u,5.42692287308e+19,-5.41796636581,-0.790863125,8.02313152235e-05,0.92666465044,4.39548111792,4.79261636734,0.510524566388,0.432173188127,0.63850879594,0.632364052934,0.217703464762,0.679123804932
13,1160506013.0,0.6733,u,5.31919272379e+19,-5.47261476517,-0.7901636875,8.17003965494e-05,1.03003287315,5.02297499457,4.82751274109,0.501002681902,0.415853981892,-2.05185300098,0.603660503682,0.217206175805,0.67893227087
14,1160506013.0,0.9426,d,4.99226041795e+19,-5.46773529053,-0.7905455625,8.16820247564e-05,1.08784258366,4.18102424673,4.78392696381,0.478230800389,0.417743443111,0.339072062238,0.590880003962,0.216071998671,0.678253817539
15,1160506013.0,1.0416,u,5.57138814566e+19,-5.46578359604,-0.7925015,8.16039828351e-05,1.10421454906,4.0165293545,4.75261497498,0.537122715878,0.430689073777,-0.62787230268,0.560704624603,0.214994805527,0.678083851036
16,1160506010.0,0.7546,u,7.13301747372e+19,-5.46871137619,-1.08661425,8.20271816337e-05,1.17118489742,3.19831081004,3.56267571449,0.354047620464,0.453387980375,-0.782712985422,0.715956193181,0.217166384723,0.67631140226
17,1160506010.0,1.0818,d,8.29349394262e+19,-5.46383190155,-1.0792165,8.18380649434e-05,1.24584078789,2.42111009487,3.54478526115,0.410921313747,0.448439580708,2.68596618761,0.669682286015,0.216886957216,0.676704589321
18,1160506010.0,1.3843,ui,6.84127965547e+19,-5.46090459824,-1.071880375,8.20331188152e-05,1.39168846607,2.74003021081,3.53459239006,0.339897431765,0.44156169338,2.68110323686,0.704729875919,0.215548114184,0.676211147904
19,1160506010.0,1.4923,dp,7.06251678814e+19,-5.45895242691,-1.065185875,8.19393317215e-05,1.43785238266,2.54783843018,3.58127784729,0.325960264614,0.438925588977,-1.2268132937,0.648288603445,0.2170090348,0.67474500207
20,1160506009.0,0.7607,u,6.9983448915e+19,-5.46968698502,-1.085542625,0.000302303407807,1.21753358841,3.28553112731,3.55477547646,0.403448967668,0.454032553018,-7.70923557489,0.726350081649,0.217318672369,0.676962927102
21,1160506009.0,1.054,d,8.11573281913e+19,-5.46285629272,-1.078136,0.000302539789118,1.2424325943,2.55117075081,3.53913712502,0.438272477173,0.447474807062,-13.2748858322,0.656140184324,0.217238732026,0.677340942267
22,1160506009.0,1.409,ui,6.47848435897e+19,-5.45992851257,-1.07087125,0.000302303407807,1.46423745155,2.88374405684,3.51376080513,0.383413109082,0.453034143704,-0.887004071333,0.634948016863,0.215824039598,0.676286211129
23,1160506009.0,1.4769,dp,6.51417582582e+19,-5.45797634125,-1.06747225,0.000302303407807,1.48711657524,2.8789807648,3.53741383553,0.220249534721,0.278614546673,-0.00361415811949,1.15292437567,0.216096518729,0.67468323445
24,1160506008.0,0.665,u,5.11613975423e+19,-5.47066307068,-0.796126,8.21865687612e-05,1.0252096653,4.23079371488,4.86848068237,0.520613682621,0.417810506547,-1.10191857122,0.654798305847,0.217498128153,0.679293081136
25,1160506008.0,1.0941,d,5.38199858719e+19,-5.46480798721,-0.7870660625,8.20603308966e-05,1.11433291435,3.94475593808,4.69497871399,0.607697224131,0.427822087065,0.44688552816,0.620260169144,0.217181834444,0.679234449837
26,1160506008.0,1.3966,u,4.62371995329e+19,-5.46090459824,-0.78138625,8.19608103484e-05,1.31864798069,4.23752699932,4.66139936447,0.518567481662,0.406758775737,0.100767979549,0.644028869233,0.215282166951,0.677649239168
27,1160506007.0,0.7453,u,4.92224967476e+19,-5.47066307068,-0.7942054375,8.25214810902e-05,0.921465396881,4.50062268483,4.73241043091,0.448646582349,0.417865830481,-0.66628525327,0.634466167045,0.218769446508,0.678527370877
28,1160506007.0,1.1373,d,5.73043558125e+19,-5.46578359604,-0.785235,8.24042581371e-05,1.0394256115,3.38089387712,4.65752601624,0.48191547411,0.409704916456,3.25562131703,0.584885462587,0.218062022605,0.678909938506
29,1160506007.0,1.3935,ui,4.55667085462e+19,-5.46285629272,-0.781778625,8.25251627248e-05,1.24087917805,4.10239124382,4.64846801758,0.426149937207,0.394641003987,0.921493168351,0.62358908863,0.216494786078,0.677974405352
30,1160506007.0,1.48,dp,4.84193122996e+19,-5.45992851257,-0.77990675,8.26231844258e-05,1.22701895237,3.64000475883,4.67972326279,0.392816642356,0.406709061378,-1.51149632284,0.597373061929,0.215928226011,0.677503944456
31,1160506003.0,1.125,u,7.33299488936e+19,-5.4667596817,-1.07805275,8.3452265244e-05,1.38917350769,2.79030876378,3.61062049866,0.411918563726,0.465997499567,3.22700813605,0.653533873269,0.215261745061,0.676343454165
32,1160506002.0,0.8194,u,7.36413217905e+19,-5.47261476517,-1.085797,0.0,1.30189204216,3.06032248009,3.59961795807,0.410344528623,0.461923719455,1.19070660881,0.660680229964,0.214797312393,0.675762965477
33,1160506001.0,1.3843,u,4.97629858775e+19,-5.46968698502,-0.78458925,0.0,1.26523387432,3.23203567441,4.68543195724,0.351835495976,0.392683968058,-0.323772738331,0.66984241139,0.214396573883,0.677612721978
34,1150903025.0,1.0022,d,6.14940096858e+19,-5.41699075699,-0.813646,0.61468911171,-40.0,3.34398973836,4.54977893829,0.33004787882,0.430139698236,-0.364402268614,0.445213598771,0.217929942469,0.682299036983
35,1150903021.0,1.0614,d,5.27192164028e+19,-5.42186927795,-0.8083349375,9.23321131268e-05,-2.29499268532,2.98034407414,4.46457672119,0.372178611679,0.386515496249,1.47917835466,0.593386878565,0.218393657817,0.680117875867
36,1150901023.0,0.9109,d,6.94122482263e+19,-5.42674922943,-0.813672625,0.61262601614,1.08565092087,2.81538239492,4.53948783875,0.349622769717,0.382128305644,1.17140201138,0.530063477717,0.217543767968,0.679846780226
37,1150901020.0,1.1021,d,5.52197873194e+19,-5.42870044708,-0.8045894375,9.17865181691e-05,1.1164573431,3.39789601201,4.49365186691,0.370834306156,0.394947769171,0.520995655036,0.57945816029,0.216828440019,0.678871075573
38,1150901017.0,0.5901,d,4.87710372733e+19,-5.42870044708,-0.814921125,9.24752966966e-05,1.00555038452,3.43398451296,4.58345222473,0.320783534607,0.396028998436,0.260856690488,0.597128678592,0.218564747691,0.678283633739
39,1150901016.0,1.096,d,8.02143342427e+19,-5.42674922943,-0.8136685625,1.20930981636,1.1132799387,2.59393151828,4.58528709412,0.316682884574,0.37377536422,8.02929637776,0.508293046945,0.217637092895,0.681705356741
40,1150901015.0,1.2841,d,8.18370374835e+19,-5.42577362061,-0.80771575,1.21655368805,1.20025670528,2.63641094762,4.55123138428,0.414255283403,0.37776603115,-13.4599613882,0.504516387434,0.217706801911,0.681377018292
41,1150901008.0,0.7999,u,7.72645644477e+19,-5.42967653275,-0.8211880625,1.19546675682,1.12074053288,2.86388971941,4.6007232666,0.338389062362,0.386130540456,-1.45390888642,0.508429193018,0.216696543858,0.681515421945
42,1150723026.0,0.8249,u,9.4270851532e+19,-5.4140625,-1.096094125,3.99002419726e-05,-0.376559078693,3.0228866331,3.40490531921,0.910618814724,0.459699631786,-2.46283668303,0.554940227951,0.214779278727,0.680814828898
43,1150723025.0,0.9079,u,8.47852063895e+19,-5.41113567352,-1.098591125,3.9499005652e-05,-0.525939464569,3.73563866822,3.28751683235,0.745612562337,0.462306877608,-3.44558009604,0.599333593904,0.213713602625,0.679332122765
44,1150723014.0,1.3996,u,1.06557524537e+20,-5.40918397903,-1.098592125,9.07658832148e-05,-0.342362552881,2.02672118641,3.44909238815,0.219670763592,0.267066337674,-0.037088995044,0.951584002949,0.216673515186,0.683228404037
45,1150630021.0,0.9804,di,6.20487396903e+19,-6.4465212822,-1.004790375,8.94559198059e-05,1.16337430477,4.65383082673,4.38759231567,0.639679591059,0.422054151314,3.22094846966,0.582504658803,0.221058813866,0.680721091625
46,1150630021.0,1.0709,up,6.89153613296e+19,-6.44359302521,-1.009011625,0.803145766258,1.29864907265,4.16138834243,4.3099322319,0.544599436859,0.411305772052,-4.6760574512,0.609267877972,0.220282680086,0.681149362711
47,1150630020.0,1.0935,u,6.62913328494e+19,-6.44700908661,-1.0083925625,0.805708050728,1.30518841743,3.86955481272,4.36227083206,0.512287434306,0.409943000051,-1.46332861826,0.577283347279,0.22052176745,0.680933389606
48,1150630020.0,1.3423,u,5.68621674202e+19,-6.44261789322,-1.006818625,0.815951168537,1.52903914452,3.9810397849,4.35558128357,0.416792130028,0.406906885367,-0.663505615644,0.577063887131,0.221795359494,0.680854559126
49,1150617017.0,1.1377,u,9.3313915776e+19,-5.43943548203,-1.18915175,3.972491686e-05,1.47440421581,3.35269942435,3.1679558754,0.648076354222,0.458397179933,-2.91583064428,0.630500182115,0.219550566604,0.679299251341
50,1150617017.0,1.4098,d,9.10108699244e+19,-5.43455600739,-1.183977625,4.01039033022e-05,1.64990699291,2.44946949195,3.11200809479,0.619244094288,0.44784342875,-0.747026947525,0.619962501926,0.219689312777,0.679126544052
51,1150617014.0,1.2078,u,9.48889617848e+19,-5.43553161621,-1.18867275,4.04538004659e-05,1.58007490635,3.29588504477,3.23702836037,0.698450295671,0.473506735949,2.94464115222,0.57776075038,0.219301370852,0.679510754425
52,1150617014.0,1.3851,d,9.38069895665e+19,-5.4326043129,-1.188196875,4.01184079237e-05,1.69173920155,2.55808227012,3.22771239281,0.63833112123,0.45760666753,-2.44909860013,0.518596120581,0.219257097762,0.679473113924
53,1150617008.0,0.948,u,9.4674715347e+19,-5.44236278534,-1.195103375,4.01208635594e-05,1.27498674393,3.1975945691,3.29365420341,0.604557633377,0.469003188218,-5.60234145814,0.630033246319,0.218120738944,0.678755307418
54,1150617007.0,0.9727,u,9.09579790171e+19,-5.44431447983,-1.194167125,3.97745534428e-05,1.25505900383,3.20988292425,3.2886929512,0.635513111691,0.472725330308,2.98069124227,0.553516339062,0.219124461538,0.67903206133
55,1150617006.0,1.1665,u,8.75023019319e+19,-5.44431447983,-1.19010025,-0.000263622030616,40.0,3.30079910748,3.20891618729,0.66836937095,0.462079779375,-9.20220257931,0.596232480519,0.218989634038,0.679223300865
56,1150616011.0,1.4181,u,7.22529376718e+19,-5.44138717651,-1.18821325,8.81459563971e-05,1.66161227226,3.11892465961,3.20732998848,0.449106952441,0.432630400473,-4.08288222988,0.639485596142,0.219750745887,0.678825637865
57,1150616009.0,1.348,u,7.4369383206e+19,-5.44626665115,-1.1904145,0.0,1.61070168018,3.29214311028,3.11764383316,0.471163603362,0.477980798139,18.1549312405,0.620957044662,0.220426202835,0.678822384338
58,1150616004.0,1.0222,u,8.47624157125e+19,-5.45212173462,-1.1982595,4.07539555454e-05,1.13432168961,3.11048769343,3.41005945206,0.561212300028,0.476019108708,1.77910682364,0.57415621822,0.218375281477,0.678970702942
59,1140722001.0,1.348,d,1.46134665481e+20,-5.46383190155,-0.801845,1.72544789314,-1.28919506073,3.09493631355,5.16004943848,1.49272315499,0.336719347908,-0.701149840973,0.48789742231,0.22213541553,0.685043766554
60,1140605018.0,0.6112,dr,5.01288857551e+19,5.42186927795,0.984161125,1.01709628105,-1.16211390495,4.23798284741,3.83999180794,0.192276533209,0.43911738158,0.456947385205,0.625209084739,0.220857829286,0.681173814701
61,1140415029.0,1.2119,u,7.43911623323e+19,5.4374833107,0.99028275,3.49633082806e-05,1.29369211197,3.67379307749,3.30600261688,0.288894928907,0.428343801874,2.40033127014,0.647271199806,0.222177185362,0.684479521692
62,1140415028.0,0.8573,d,1.4194851685e+20,5.44529008865,0.995643125,3.48046305589e-05,1.33698570728,2.44991172717,3.44771504402,0.81617871634,0.410031783603,1.68965716055,0.704477858225,0.221101085586,0.686480733886
63,1140415028.0,1.0882,u,1.32925774899e+20,5.44529008865,0.9868730625,3.47939640051e-05,1.39407718182,2.36377502156,3.4132194519,0.81390996202,0.421007374288,1.60720055554,0.684918715714,0.221141616203,0.68501745487
64,1140402020.0,1.4285,u,4.79840024521e+19,5.42284536362,0.786412875,3.07142145175e-05,-1.06804966927,5.58870361345,4.56869459152,0.437767181808,0.389912806095,-1.72206109701,0.5595398196,0.225324848796,0.686686677616
65,1120926034.0,0.7902,d,6.95246754893e+19,5.44626665115,1.098040625,8.30287899589e-06,-2.36263942719,2.36192409939,3.15279865265,0.204968109564,0.471884150318,-2.98153715116,0.620167578628,0.217440192291,0.678022883942
66,1120926033.0,1.1665,u,5.51232721887e+19,5.44529008865,1.089271625,8.55534563016e-06,-2.32262659073,2.72958298435,3.16417431831,0.138480729105,0.458106024356,-0.820776670906,0.583598735354,0.21772146989,0.677891210392
67,1120913012.0,0.5678,d,5.69038696972e+19,5.37112569809,0.902166875,0.000152779379277,-1.75503635406,3.17393962055,4.07572460175,0.2131117768,0.469687603265,-0.16514609004,0.53890430874,0.2190240346,0.681484050187
68,1120720026.0,0.6024,u,6.98989272572e+19,-5.45700073242,-1.010066125,0.00015003142471,1.95458364487,2.87440059483,3.66807055473,0.276754329364,0.456917653812,-0.377025800288,0.66125542685,0.217263726463,0.676920728522
69,1120720026.0,0.823,ur,7.20288352118e+19,-5.45309782028,-1.00724475,1.033452034,1.9159283638,2.98022463818,3.69198846817,0.226516547802,0.42695714617,0.80891253627,0.595031125056,0.217269905918,0.678238701889
70,1120720026.0,1.1254,di,6.4995263727e+19,-5.44870615005,-1.0031605625,1.16914725304,1.72439360619,3.16081273006,3.76905107498,0.171710659932,0.421034767783,-0.963455753201,0.560747143781,0.217245063837,0.677762658992
71,1120720026.0,1.2073,up,6.22198500878e+19,-5.44821834564,-1.00097475,1.19988274574,1.7555334568,3.34917786024,3.74793982506,0.147025702433,0.409738191019,-0.112603743909,0.523751182171,0.216825281794,0.678191462933
72,1120720026.0,1.3145,di,6.74297056162e+19,-5.44724225998,-0.99909075,1.24931848049,40.0,3.06096616148,3.74749016762,0.179009026536,0.41074816216,-8.96871762217,0.52025758256,0.217630671883,0.678148109781
73,1120720026.0,1.3838,up,6.25347678102e+19,-5.44529008865,-0.99939775,1.27313220501,1.71194684505,3.26189865501,3.73345470428,0.147639657986,0.418478944441,0.113632123847,0.507137660338,0.216503989298,0.677649646917
74,1120720025.0,0.6087,u,7.06064102131e+19,-5.45700073242,-1.01037925,0.000150333944475,1.91242587566,2.93556262098,3.66764640808,0.284812935215,0.453816470607,1.07640071229,0.610917620803,0.217556000614,0.677074450184
75,1120720025.0,0.7474,di,5.00627699219e+19,-5.45504903793,-1.0038011875,0.00015036543482,1.89844202995,4.13723211881,3.65640258789,0.216986271496,0.439518991406,-1.68225140927,0.662424836836,0.217952546211,0.676860392115
76,1120720025.0,0.7883,upr,4.90251695948e+19,-5.45407342911,-1.0031708125,0.000150442851009,1.85483431816,4.1165230848,3.68306493759,0.178218228613,0.401224128646,-0.441298924534,0.697317249761,0.218205136456,0.676624259764
77,1120720024.0,0.5898,u,7.22201898174e+19,-5.4560251236,-1.0097570625,0.000150082385517,1.93131434917,2.72200285272,3.66948771477,0.301913456061,0.453260847345,-0.3855328439,0.633928563411,0.217467474528,0.676810319215
78,1120720024.0,0.7442,di,4.9803971273e+19,-5.45553684235,-1.0063094375,0.000149942687131,1.9029083252,3.61515503987,3.68665313721,0.198365484854,0.44147574169,-0.235381680517,0.639603940506,0.217738096353,0.676901322189
79,1120720024.0,0.8041,upr,4.45316810764e+19,-5.45504903793,-1.006152875,0.561545372009,1.8678047657,3.94938261112,3.68787837029,0.158048245578,0.434276155906,2.6783878648,0.659117761059,0.217664960598,0.676408977161
80,1120720022.0,0.8072,ur,4.68650118763e+19,-5.56532096863,-1.007009625,0.836738049984,1.82130920887,4.10420174448,3.76171040535,0.155880187951,0.384523493839,-0.276497187289,0.750320900881,0.218231861099,0.677267911225
81,1120720022.0,1.0813,d,4.22215191855e+19,-5.56141805649,-1.0059075,0.845644712448,1.71503186226,4.4620264887,3.83002614975,0.12093656483,0.389347709797,-1.25901761471,0.626145731003,0.217731596942,0.677754790839
82,1120720022.0,1.2294,u,4.530608031e+19,-5.56141805649,-1.004026625,0.834268093109,1.64139699936,4.38384947192,3.80497169495,0.137941764267,0.422583999453,2.03885553408,0.598489665,0.218440525207,0.677720921581
83,1120607010.0,0.9276,d,5.80011647096e+19,-5.46285629272,-0.804038,0.000149594794493,-2.06700158119,3.43737077984,4.40848064423,0.30401931087,0.40957962139,0.536916292104,0.570993506948,0.218448521197,0.680132416111
84,1120605024.0,1.1453,d,6.87636111327e+19,-5.44333839417,-0.5146515625,0.000150689986185,-1.15535521507,2.11465322929,6.88486194611,0.137802523988,0.249447834264,0.00966617144906,0.790300611829,0.224605084208,0.687182085921
85,1120605023.0,1.0909,d,7.01178004398e+19,-5.44431447983,-0.544084875,0.000150140011101,-1.15705823898,2.21487451691,6.27391529083,0.533675998061,0.372526031565,0.440604610679,0.55470016631,0.219255527587,0.68538923785
86,1120222027.0,0.7983,d,5.86443790118e+19,-5.44431447983,-0.813073,9.9387310911e-05,1.28137850761,2.60421806574,4.50987148285,0.3538636364,0.394818997863,-1.48013994064,0.665379208142,0.216812463803,0.676970797802
87,1120222027.0,1.3528,d,7.42468184459e+19,-5.4374833107,-0.800533,9.93894427666e-05,1.41128885746,3.57921850204,4.42761230469,0.696396106418,0.387242639754,6.48464472294,0.620071270111,0.214688796332,0.678260735381
88,1120222025.0,1.0058,u,5.48151582443e+19,-5.43650722504,-0.80867675,0.000100157318229,1.25607120991,3.64565809965,4.55775690079,0.369007866066,0.395465229269,-3.17248244405,0.6636502632,0.21666579118,0.67748679644
89,1120222025.0,1.295,d,5.34634714256e+19,-5.43455600739,-0.801939,0.000100073986687,1.31158328056,3.91595685482,4.53519964218,0.363766576009,0.379120511123,-0.500732690087,0.640679706,0.216005503804,0.677406191995
90,1120222025.0,1.4708,up?,5.81899816424e+19,-5.42772483826,-0.8067804375,0.000100134690001,1.34250593185,3.38191642284,4.48724937439,0.394290319398,0.396184157001,-0.460201401927,0.632017554883,0.215270275779,0.678124800948
91,1120222021.0,0.9687,u,5.0587395298e+19,-5.44821834564,-0.8090144375,9.97768511297e-05,1.30052280426,3.83672617197,4.50538635254,0.35043695107,0.392624623947,20.5455280262,0.684176365518,0.216426798604,0.677285599575
92,1120216031.0,1.0768,d,5.26740572613e+19,-5.51457691193,-0.80445975,0.0,-40.0,3.65437434196,4.26173448563,0.40572399994,0.388200512891,10.46416723,0.623895864909,0.219635576477,0.679531065827
93,1120216030.0,0.9083,d,4.43537537067e+19,-5.51555252075,-0.8097841875,0.0,-2.17344546318,3.29924492598,4.30366182327,0.251036138531,0.38450466129,-1.93877543322,0.646588071138,0.219649696358,0.679240187453
94,1120216028.0,0.8003,dw,2.00698607308e+19,-5.50872135162,-0.55831875,0.0,-1.78853237629,8.48193579197,5.77744817734,0.218308835223,0.325284560343,-1.10103659727,0.553574365902,0.219905032307,0.679376540355
95,1120216027.0,1.1085,d,2.0382588226e+19,-5.50676965714,-0.5542335,0.0,-40.0,11.0339838505,5.76224327087,0.17996743328,0.309683552423,0.303815437632,0.452233455444,0.220949186349,0.681323950129
96,1120216020.0,0.8289,d,3.72944932322e+19,-5.5126247406,-0.5504921875,0.0,-1.63989317417,5.24903561115,5.81130123138,0.420839282453,0.358084543572,0.280273024448,0.479751455668,0.222767890134,0.681837263176
97,1120216017.0,1.3119,d,8.39595875063e+19,-5.51164865494,-1.08236325,-5.09337878611e-05,-1.93107295036,2.73876924992,3.29866313934,0.339950919067,0.367029112912,-11.305245853,0.750793797499,0.221061555248,0.678894170051
98,1120216013.0,0.5175,dp,6.13143099034e+19,-5.5077457428,-1.07390425,-5.09695928486e-05,-2.26739454269,2.51918399334,3.39421892166,0.193565869988,0.354378534696,0.29228698205,0.882694185032,0.221665339869,0.677529111142
99,1120216012.0,0.5492,dp,6.25476364943e+19,-5.51164865494,-1.092851375,-5.09695892106e-05,-2.19956350327,2.48891667366,3.36575388908,0.181511971837,0.351628482043,0.306749971279,1.09731516875,0.220652019748,0.677605203814
100,1120216011.0,0.7081,d,6.91602929378e+19,-5.5018901825,-1.102539375,-5.10054196639e-05,-40.0,2.34934151411,3.26383042336,0.289159093083,0.4087677286,0.318050519032,1.58303020035,0.22080767658,0.678957013802
101,1120210022.0,0.9655,u,5.9669510877e+19,-5.42577362061,-0.8052116875,-5.09337878611e-05,1.29055798054,4.14591827393,4.49821805954,0.477925571003,0.385905276207,0.732573228844,0.640984833111,0.215519940129,0.677007338898
102,1120210019.0,0.8607,u,5.61496530991e+19,-5.42674922943,-0.806470375,-5.09337878611e-05,1.23729455471,3.81687458038,4.53220510483,0.408419740049,0.397730470856,2.91987290521,0.616287923278,0.216050308119,0.676895627002
103,1110329009.0,1.2132,d,6.05583912613e+19,-5.32721185684,-1.056771,1.45867961692e-05,-0.990552484989,2.43967695236,3.17772364616,0.319347970583,0.433086171463,-0.277162231133,0.589856705082,0.220189167592,0.683137611744
104,1110329007.0,1.1521,d,6.2659566778e+19,-5.3164768219,-1.05737275,1.47554528667e-05,-0.875681638718,2.40137140155,3.22837972641,0.291996982006,0.472151819107,0.263836244514,0.658629663909,0.220611396753,0.682433454711
105,1110329006.0,1.3386,d,6.31424239064e+19,-5.31940507889,-1.0542495,1.47709506564e-05,-0.84971010685,2.25261980772,3.17887544632,0.286108455084,0.444704533775,-0.411072105822,0.661826304205,0.220908849629,0.682495589192
106,1110329005.0,0.623,u,5.60775295343e+19,-5.33160257339,-1.0483285,1.49057959788e-05,-1.1378993988,2.64886980057,3.15070223808,0.205165959952,0.468858462812,0.144978168625,0.691137422975,0.218676688487,0.682093447445
107,1110329005.0,1.2163,d,5.97693861152e+19,-5.3223323822,-1.05676175,1.49523766595e-05,-0.868271410465,2.29895681381,3.18215322495,0.239422322716,0.463303113338,-0.134404940436,0.673063058687,0.220708853167,0.683370565943
108,1110329004.0,1.0848,d,5.29085962856e+19,-5.02762317657,-0.754265625,1.49089901242e-05,1.32361400127,3.04887845039,4.48027038574,0.357107523065,0.402694627532,-0.0937846979763,1.82724979017,0.217099846576,0.678569520968
109,1110125012.0,0.9747,d,3.46913994534e+19,-7.06424045563,-0.7206605,0.000165655466844,1.180986166,3.05358423948,6.1760559082,0.185057920866,0.359359087024,33.4141458164,0.593726590897,0.220881943348,0.678958609462
110,1110125006.0,1.1093,d,5.0914662735e+19,-5.06763315201,-0.75435475,0.000166976693436,1.30855894089,2.55951191664,4.54288196564,0.401322962788,0.413055259011,0.726144336676,0.63490119202,0.216899769437,0.678987934824
111,1110125005.0,1.0114,d,4.75236721179e+19,-5.06860923767,-0.7559286875,0.000166944519151,1.31247198582,2.65131733656,4.55096912384,0.0425922295065,0.26814009843,0.00937816229523,1.08055463637,0.21759388592,0.678710297249
112,1110125004.0,1.2071,d,4.89717993004e+19,-5.06470537186,-0.753724375,0.000166943922522,1.29258060455,2.56892691851,4.55613422394,0.0580245992667,0.332619987968,-0.10549557917,0.7364688846,0.21744644208,0.678946100459
113,1110105033.0,0.886,d,3.47119559228e+19,-7.0105676651,-0.71396875,9.09894006327e-05,1.21887016296,2.74107091427,6.20416307449,7.06637538357,0.861956589783,0.12094385204,5.55534266641,0.219443293158,0.678899383579
114,1110105032.0,1.1551,d,5.94626443613e+19,-7.00568819046,-1.0577845,9.06243221834e-05,1.3865840435,1.64349957764,4.43913650513,5.93437547528,0.898411323473,-1.5027509699,6.2408064626,0.218439662173,0.678008019276
115,1110105031.0,1.1032,d,5.82398686839e+19,-7.01495885849,-1.05686875,9.08113579499e-05,1.39164745808,1.72111643791,4.44293308258,5.63342631953,0.922507081783,0.300495772648,6.21073110993,0.218206560534,0.678177003593
116,1110105029.0,0.8126,u,2.65303513621e+19,-5.011033535,-0.5126456875,9.01390449144e-05,1.07737493515,6.1032496357,6.28412055969,0.407185143375,0.365571262446,-0.395551345078,0.584179611664,0.218335146005,0.680072907802
117,1110105027.0,1.0022,d,6.25278716733e+19,-5.02469539642,-1.0479960625,9.0389221441e-05,1.36634540558,2.1424433589,3.38555407524,0.291828748431,0.458415954199,1.75193454493,0.729650418371,0.217072831056,0.677154300754
118,1110105024.0,1.396,u,3.82496917598e+19,-5.02274417877,-0.753015125,9.01286548469e-05,1.30646729469,3.00942111015,4.50763130188,0.297227468673,0.401612962092,-0.727688416758,0.649951674765,0.217243405371,0.677663220006
119,1110105020.0,1.2316,d,4.90123360951e+19,-5.02957487106,-0.7542728125,9.00581435417e-05,1.29351758957,2.42032505989,4.50069618225,0.373842753523,0.404650328704,965.896470545,0.635655686371,0.217825799287,0.678775792539
120,1101216035.0,0.8585,d,6.31641106738e+19,-3.24277806282,-0.7965524375,9.26239736145e-05,-1.78641784191,1.25638518929,2.73888802528,0.623721867471,0.334890545377,5.72447595905,1.36521642928,0.218686176743,0.677497070511
121,1101216032.0,0.6536,d,5.89024167987e+19,-3.48918199539,-0.8114856875,9.3084803666e-05,-1.83075928688,1.56172178268,2.82555699348,0.271306566399,0.646617696652,0.230299200539,1.07026714301,0.219750322069,0.678034439202
122,1101216031.0,0.7239,u,6.12036902375e+19,-3.27302932739,-0.80337925,9.30625828914e-05,-1.81555843353,1.36455283642,2.71835756302,0.4999269654,0.253421859673,0.0788082027091,1.9688125831,0.219457818816,0.67767523787
123,1101216031.0,1.1014,d,6.74812023428e+19,-3.50869941711,-0.7838995,9.29644957068e-05,-1.66969633102,1.69695784569,3.01320672035,0.303121488668,0.726509549527,0.0451795649173,0.670408885781,0.218400726295,0.678039087692
124,1101216031.0,1.149,up?,6.91044993198e+19,-3.80487251282,-0.7910595,9.28422814468e-05,-1.46730136871,1.9422603488,3.23038697243,0.544786097389,0.4926942562,-0.0733562212,1.22611829834,0.21876020571,0.679067548678
125,1101216031.0,1.2348,dp?,1.00583332505e+20,-4.2976808548,-0.790916625,9.29312736844e-05,-1.10656988621,2.38904600143,3.98445463181,1.5464099178,0.448497928989,0.0283716869791,0.672006823027,0.21912569628,0.679896166374
126,1101216027.0,1.2805,u,5.65674895079e+19,-4.55140447617,-0.804313875,9.22547333175e-05,-1.054038167,2.31753147841,3.95556378365,0.405414894862,0.476412039117,-0.0892666163266,0.592726915438,0.220608466222,0.680345637593
127,1101216025.0,0.7759,u,5.64530435416e+19,-3.14616751671,-0.798175125,9.23369661905e-05,-1.84270763397,2.01801548243,2.64066171646,253067.128525,0.550081221328,0.144802426604,0.630922979678,0.219304840284,0.677035890624
128,1101216025.0,0.9472,d,5.9973807317e+19,-3.85073757172,-0.79074675,9.2441427114e-05,-1.68838894367,2.1771064949,3.21223545074,0.791097878821,0.492287364544,1.77838309271,1.36724570805,0.217650888842,0.677006731234
129,1101216025.0,1.2683,u,5.73026141861e+19,-4.52798318863,-0.8011291875,9.23962579691e-05,-40.0,2.07264037311,3.94172406197,0.392266319324,0.448485103289,-0.134362012305,0.655376507104,0.220163804442,0.680365917228
130,1101216024.0,0.6689,u,5.49375558787e+19,-3.45502710342,-0.8098236875,9.25403437577e-05,-1.7926517725,1.74819087386,2.84392786026,10.0299850165,0.172886404613,0.470475162266,-4.47483831797,0.219297756734,0.677397843582
131,1101216024.0,0.8921,d,5.96697483715e+19,-3.5023560524,-0.78833475,9.24514388316e-05,-1.80976104736,1.77923208654,3.01443505287,3.81759138892,0.242037582531,-27.4679084592,1.82518948443,0.218762644789,0.677275073774
132,1101216024.0,1.2713,u,5.56946356051e+19,-4.52895927429,-0.803327375,9.24595369725e-05,-1.16826033592,2.45550738454,3.91543292999,0.423459750218,0.457223476988,-0.124035455495,0.673342858053,0.219633740707,0.680062592124
133,1101216022.0,0.6291,u,5.49247179809e+19,-3.57310581207,-0.810719375,9.23808402149e-05,-1.86492168903,1.44576369166,2.93144226074,2.60020278716,0.218872681652,-0.852148506913,-5.28827743768,0.220420620642,0.67832250535
134,1101216022.0,0.883,d,6.61705668903e+19,-3.43453407288,-0.78354325,9.24634368857e-05,-1.75828802586,2.03910011053,2.89544653893,2.31265698992,0.306104812672,0.388939790716,1.42047549648,0.219519072869,0.677474015939
135,1101216022.0,1.3295,uh?,6.71615567204e+19,-4.53676652908,-0.800988,9.25403437577e-05,-40.0,1.84519721568,4.05408716202,0.455188860503,0.447970958508,-0.0316459026377,0.622606199431,0.220586379365,0.680939352507
136,1101216021.0,0.6291,u,5.56248605972e+19,-3.57847332954,-0.81413325,9.26885477384e-05,-1.82053470612,1.31765146494,2.88802218437,2.57230263961,0.226212954813,-1.66174790472,3.1518133734,0.221278500494,0.678824306962
137,1101216021.0,0.9258,d,6.37539458855e+19,-3.72826743126,-0.789743375,9.26251086639e-05,-1.81705927849,1.49000600457,3.04803776741,0.941873098158,0.422849206775,0.431225812763,0.258471945245,0.218982151472,0.677298164731
138,1101216021.0,1.4028,uh?,7.98203220519e+19,-4.54457330704,-0.7999104375,9.28548688535e-05,-0.792173504829,1.58173368454,4.12069225311,0.58105905294,0.440855363183,-0.0444169206875,0.648799774252,0.222140612081,0.681149749655
139,1101216020.0,0.5649,u,5.09034433183e+19,-3.78047585487,-0.813283375,9.29609304876e-05,-1.88440740108,1.68299344659,3.07689714432,0.538332622859,0.388504482436,-0.266683111772,-15.6240150621,0.220748053755,0.678262079981
140,1101216020.0,1.0236,d,8.38623906784e+19,-2.99686169624,-0.7783425,9.28554509301e-05,-1.59102869034,2.36962368965,2.607401371,5222.08702405,0.100004116973,-0.499676426127,-0.312799622668,0.219171579146,0.678421225981
141,1101216020.0,1.3753,uh?,8.7373615091e+19,-4.51920080185,-0.803307875,9.28143417696e-05,-0.781646609306,1.66132610798,4.20106077194,0.601057207611,0.438487860209,-0.367202383029,0.700231101588,0.220128403851,0.68064097365
142,1101014005.0,0.5986,u,7.32604509626e+19,-5.30964660645,-0.623182625,1.07653164864,1.137414217,2.74684169769,5.6308722496,0.484349937467,0.36849511338,1.07237179611,0.538108833929,0.219738723769,0.682857201848
143,1100323030.0,0.746,d,9.4936636609e+19,-4.52505588531,-0.7546255,2.36335849762,-0.553921341896,1.95214871168,4.16370344162,0.424750599316,0.418974925149,1.96833116259,0.672980118479,0.21995440734,0.684550952989
144,1100323025.0,0.6812,dr,8.6284298135e+19,-4.52651977539,-0.750244625,0.000153993401909,-0.630310714245,1.76077338934,4.12263536453,0.573074629293,0.443309826097,3.51066590238,0.67628226733,0.22034194088,0.682658468376
145,1100323024.0,0.686,dr,8.61479850815e+19,-4.5270075798,-0.750088,0.000153648375999,-0.626173198223,1.74987621307,4.05096626282,0.602791905012,0.419163892583,-5.37044745306,0.628047468699,0.220015019218,0.681931322794
146,1100305005.0,1.0723,d,9.19194887414e+19,-5.38966655731,-0.79605375,0.000142049437272,-1.05053341389,1.73173722565,4.24217939377,0.58395043054,0.395496144118,8.29336174196,0.646894164326,0.219311431574,0.684317432334
147,1100217028.0,0.9975,d,6.24498151438e+19,-5.47407817841,-0.800302875,0.000142769276863,40.0,2.67936140299,3.04772043228,0.333289150823,0.445501525765,1.91165299197,0.596849348205,0.229091616388,0.6840967462
148,1100217026.0,0.5975,u,5.37239677205e+19,-5.46773529053,-1.0060239375,0.00014269532403,0.813512504101,3.46406242251,4.08769369125,0.188017416922,0.468862221284,-0.46497030167,0.620509544364,0.222218801299,0.676418198751
149,1100217025.0,0.9745,d,5.58237842409e+19,-5.46383190155,-0.8184415,0.000142610355397,0.755475699902,2.79580466747,4.78984546661,0.252609036887,0.430824567831,1.92607566966,0.622153007891,0.21921810385,0.679152354753
150,1100217025.0,1.2449,d,5.38226510881e+19,-5.45992851257,-0.70695975,0.000142382996273,0.760325551033,2.56406247377,5.16351127625,0.248942911505,0.404626524187,16.2882534637,0.574741502845,0.21700450013,0.6771461904
151,1100217022.0,0.6033,up,5.95396189713e+19,-6.26501178741,-1.0127095,0.000141392942169,0.814997494221,3.06548260331,4.65389251709,0.187782365893,0.449684555022,2.81945747009,0.636490189426,0.222562491475,0.677490788122
152,1100217022.0,0.9514,d,5.53730548422e+19,-6.27574586868,-0.8379925,0.000141706870636,0.881227850914,3.01229203224,5.17067623138,0.207964758323,0.403559427474,-1.80835753831,0.591687650879,0.218570578829,0.678827687154
153,1100217022.0,1.2622,d,5.4860141464e+19,-6.27184295654,-0.688621625,0.000141523734783,0.919387340546,2.43336598873,5.83331727982,0.252125747015,0.381771585234,3.92018290381,0.563135170776,0.217582755206,0.679110520566
154,1100217021.0,0.9342,d,8.35822878922e+19,-6.27281856537,-0.852086,0.000141524433275,40.0,2.61808823586,4.35287380219,0.413006088817,0.413296892495,2.52281636636,0.585468144437,0.223849019368,0.679811493794
155,1100217021.0,1.2306,d,6.79610775956e+19,-6.26891469955,-0.72212175,0.000141582015203,40.0,3.01401599884,5.21064805984,0.426551605294,0.382385758313,3.88104157539,0.534758233001,0.223511086728,0.679449697547
156,1100217020.0,0.9198,d,8.87275361172e+19,-6.27672147751,-0.871348375,0.000141868134961,40.0,2.55783408165,4.21412706375,0.418580616951,0.401305990667,0.731504993997,0.556922448824,0.224021408357,0.679787939717
157,1100217019.0,0.9169,dw,6.75521384349e+19,-6.28550481796,-0.806704,0.000141455355333,40.0,2.48108369827,3.43841552734,0.334249486084,0.426958817682,-2.85350674189,0.637128976278,0.229992504959,0.685569413033
158,1100217018.0,1.0493,d,6.14450198457e+19,-3.92783045769,-0.5521825625,0.00014089794422,40.0,2.28470908046,3.07657051086,0.845843095707,0.418914416347,0.409901613164,0.746725521445,0.226860028188,0.682324694007
159,1100217017.0,1.1615,d,5.73881649868e+19,-3.92783045769,-0.613234125,0.000141038661241,40.0,2.2483007431,2.98195385933,0.491701510453,0.413802567218,1.06781907354,0.587243725182,0.222051045997,0.67592722436
160,1100217017.0,1.2852,d,6.29040146012e+19,-3.92490267754,-0.5888079375,0.000141028940561,40.0,1.87881686449,3.04884052277,0.69694630492,0.360686392937,1.27815390768,0.566090135886,0.223867619312,0.676273462217
161,1100217012.0,1.0752,d,5.56380987172e+19,-2.79925012589,-0.6346710625,0.000140785559779,1.14451217651,2.05668867111,2.98749446869,7.03358998015,0.758810978756,-0.651595249578,3.84662690407,0.209872663289,0.674335502155
162,1100217002.0,1.1845,d,2.81004209812e+19,-5.47066307068,-0.6102183125,0.0,1.14771854877,5.739691782,5.85619735718,0.205546702859,0.342960661822,-0.89627051719,0.589401573696,0.218178020425,0.679087407912
163,1100217002.0,1.3485,u,3.12811014122e+19,-5.46578359604,-0.6098990625,0.0,1.10128867626,5.76685372591,5.75837135315,0.245212296564,0.377042567548,-0.827579360984,0.526924296666,0.215171211569,0.679410823625
164,1080520028.0,0.7817,u,4.70210017899e+19,-5.44254732132,-0.814641125,-8.67559137987e-05,1.38390159607,2.39447820902,4.64906311035,0.184743046684,0.406599588019,16.9172631494,0.576190703217,0.214931899665,0.680829257709
165,1080520027.0,0.686,u,4.52752675961e+19,-5.44351291656,-0.815738125,-8.60451546032e-05,1.33695924282,2.45304927826,4.6595249176,0.171543454786,0.404944334855,-0.838796514092,0.590194715446,0.215618135031,0.680693489322
166,1080520026.0,0.8651,u,4.83983819963e+19,-5.44640922546,-0.8130795,-8.70742078405e-05,1.42999219894,2.39368688822,4.71425962448,0.190973280266,0.403455850975,-2.75293309328,0.582327284762,0.215280060267,0.681043827581
167,1080520026.0,1.2392,d,5.56904398687e+19,-5.44640922546,-0.8071276875,-8.69212963153e-05,1.39405286312,2.07318241119,4.767619133,0.235739136777,0.397155790923,-1.77226231463,0.581599131043,0.215397457903,0.681537651933
168,1080520025.0,0.6493,u,4.54851071912e+19,-5.44447755814,-0.814014875,-8.6075917352e-05,1.34817028046,2.51722597837,4.76800251007,0.196643426285,0.407255768293,-0.576769593546,0.583154505389,0.215554029909,0.680782915038
169,1080520024.0,0.7126,u,4.81604212918e+19,-5.45027112961,-0.8162230625,-8.59149149619e-05,1.39562833309,2.32754124641,4.69023513794,0.190988360586,0.402854395389,-0.839310371954,0.594191947793,0.215142421859,0.68100222127
170,1080520024.0,0.9889,dir,4.62518318337e+19,-5.45220184326,-0.812467375,-8.58429411892e-05,1.42233920097,2.54008077264,4.67879915237,0.197259376643,0.404054772994,20.6035611445,0.607787897193,0.214752990776,0.680693075511
171,1080520024.0,1.0406,upr,5.58511356921e+19,-5.45365047455,-0.814353375,1.85891163349,1.40736722946,2.33012359381,4.69812917709,0.16048954871,0.386191807081,0.470803785353,0.566598494511,0.215908667898,0.68321678253
172,1080520024.0,1.3226,d,5.00293843508e+19,-5.45220184326,-0.8108996875,1.80846107006,1.40203487873,3.26342344522,4.73629522324,0.180287835266,0.391047710454,-0.387577813121,0.551207575259,0.216156986644,0.684074835184
173,1080520014.0,0.6263,u,5.83902510883e+19,-5.45268440247,-0.986265375,-8.68624774739e-05,1.39566421509,2.05621865869,3.96200466156,0.195871837156,0.431200446621,-2.21537712713,0.68086725441,0.215298106063,0.679472641058
174,1080520011.0,0.5285,u,5.48960647079e+19,-5.44930553436,-0.965270625,-8.62013257574e-05,1.47615790367,1.96125544608,4.17690134048,0.196318590978,0.423770040588,-0.962207897182,0.602184688643,0.217753403615,0.679650871516
175,1080502015.0,0.8191,u,4.73559086337e+19,-3.12437152863,-0.6464703125,-4.64792537969e-05,40.0,1.82496362209,3.31283736229,1.28132580476,0.283274896597,-64.0532179756,0.809563569671,0.22939248411,0.680638111972
176,1080502015.0,1.2795,d,4.6112866758e+19,-3.00754523277,-0.635727625,-4.67024729005e-05,40.0,2.00821185708,3.3612844944,4.60894789861,0.196822316917,-2.31284257721,1.055854728,0.230545973916,0.679884523831
177,1080502014.0,0.7903,u,5.64938618112e+19,-3.17119836807,-0.647511125,-4.58585636807e-05,40.0,1.62756189764,3.33052182198,0.876905307848,0.324388815395,-0.998128892601,0.732424821012,0.229461459031,0.680939175384
178,1080502013.0,0.6867,uw,6.87051479005e+19,-3.42464327812,-0.64773125,-4.64284894406e-05,40.0,1.40305786967,3.61212325096,0.719955256183,0.454625393578,6.77203225284,0.598142093159,0.229363119409,0.681621246968
179,1080502012.0,0.609,uw,7.46966858274e+19,-3.64429569244,-0.63929525,-4.61466988781e-05,40.0,1.23927279711,3.8002986908,0.709997072451,0.477247587456,-0.360110525711,0.952493001824,0.228805041454,0.681829028538
180,1080502010.0,0.6148,u,4.32994935795e+19,-3.63270950317,-0.64515175,-4.55830995634e-05,40.0,1.68172664165,3.72306585312,0.259083313097,0.603658719252,-2.07283699693,1.25575357051,0.228821516341,0.68205580707
181,1080502009.0,0.75,u,3.90802364552e+19,-3.25809383392,-0.70655725,-4.61860618088e-05,-1.66967487335,1.38103640079,3.13217830658,0.214269856918,0.401607452756,1.4790942421,0.69665821483,0.218892417848,0.679497003555
182,1080502005.0,0.6004,u,4.14814115205e+19,-3.67470884323,-0.678922,-0.000497413682751,-1.72819495201,1.27036426544,3.59509658813,0.0677525048606,0.679836110499,-0.602180514367,1.67339486399,0.21990746481,0.681018808667
183,1080502003.0,0.6436,u,5.58435974404e+19,-5.46185731888,-0.8165575,-4.40975491074e-05,-1.48176157475,1.74192905188,4.66452360153,0.189606387318,0.411369396857,-0.733100468907,0.595540372549,0.219803562972,0.684443911603
